statement	human1	human2	human3	human4	human5	human1_stance	human2_stance	human3_stance	human4_stance	human5_stance	human1_op	human2_op	human3_op	human4_op	human5_op
Religion is not violent or not violent, its followers are.	1. Religion is just a set of beliefs. Without the power of a person to take action, it cannot be violent. 2. Violence requires a person to take action, not a book.	religion is not inherently violent	Foremost among them were the Religious Society of Friends (Quakers), Amish, Mennonites, Hutterites, and Church of the Brethren.	1.Foremost among them were the Religious Society of Friends (Quakers), Amish, Mennonites, Hutterites, and Church of the Brethren. 	Religion serves several functions for society. These include (a) giving meaning and purpose to life, (b) reinforcing social unity and stability, (c) serving as an agent of social control of behavior, (d) promoting physical and psychological well-being, and (e) motivating people to work for positive social change. 	agree	agree	disagree	agree	agree	2	1	1	1	1
Captions translating Arabic into English need to have "Allahu Akbar" displayed as "God is Greater" or "God is [the] Greatest".	1. It is culturally insensitive to translate it in a different manner. 2. It is offensive to translate it in a different way. 3. These are the most accurate translations.	Allahu Akbar was allegedly first used as a battle cry during the Battle of Badr by the Prophet Muhammad. Shouting this term in battle would mean 'God is greater than the enemy'.	Allahu akbar allahu akbar la ilaha illallah takbeer in arabic. Here is the takbeer in Arabic text alongside transliteration and English translation.	1. i agreed with the statement because Captions translating Arabic into English need to have "Allahu Akbar" displayed as "God is Greater" or "God is [the] Greatest". 	Arabic, however, is very unique. It is the language of the Qur'an and Sunnah. It is the medium through which the Islamic concepts and laws were conveyed to us. It is impossible to know what Allah wants us to do without knowing and understanding Arabic. 	disagree	agree	agree	agree	agree	3	2	1	1	1
Essential Oils are bullshit	1. Essential oil benefits are not backed up by science. 2. They can have negative impacts if improperly used, such as burns and poisoning.	Results of lab studies are promising — one at Johns Hopkins found that certain essential oils could kill a type of Lyme bacteria better than antibiotics — but results in human clinical trials are mixed. Some studies indicate that there's a benefit to using essential oils while others show no improvement in symptoms.	Although people claim essential oils are natural remedies for a number of ailments, there's not enough research to determine their effectiveness in human health.	1. There's not enough research to determine their effectiveness in human health.	Although people claim essential oils are natural remedies for a number of ailments, there's not enough research to determine their effectiveness in human health. 	agree	agree	agree	disagree	agree	2	2	1	1	1
I think the Paris shooting makes a good case for culture of responsible gun ownership any carrying.	1. When only bad guys have guns, and good guys don't have guns, it leaves good people vulnerable to violence. 2. If more people owned guns, there would be less cases of terror because people would shoot the terrorists. 3. People should be able to equally match the people who are trying to kill them.	There would be even stronger calls for an anti-islam and anti-immigration policies.  These event reminds people that they cannot depend on protection by government.  I think it would be a shame to allow the many, who are afraid more then anything, to be swayed by xenophobic nationalists (which might have been the goal of the attack anyway).	No civilian may carry any weapons in a public place	1.No civilian may carry any weapons in a public place.	Personal Protection. One of the main benefits of owning a firearm is personal protection.  Recreational Shooting. Another great benefit of gun ownership is the ability to enjoy recreational shooting.  Competitive Shooting. . Hunting.	agree	agree	disagree	agree	agree	3	3	1	1	4
Explaining causation is not "blaming" the victim, and it's a worthwhile endeavor.	1. Causation is not victim blaming because it is objective fact seeking to try to figure out why something happened. 2. Causation is important, especially in medical cases because otherwise improper links may be assumed. 	they are less likely to seek help in recovering from a traumatic experience, and they are less likely to report the experience to authorities. 	When victims are blamed	1.Victim blaming is a devaluing act that occurs when the victim(s) of a crime or an accident is held responsible.	It marginalizes the survivor, minimizes the criminal act, and makes people less likely to come forward and report what has happened to them. For these reasons, it's important to understand the psychological roots of victim-blaming, so we can help prevent it. 	agree	agree	agree	agree	agree	2	1	1	1	1
Philosophy has no tangible value as an academic field of study.	nothing besides stem related fields has value 	1. Philosophy often deals with abstract and theoretical concepts that may not have immediate real-world applications. 2. Some argue that philosophy can lean to endless debates without clear answers, making it seem impractical. 3. In comparison to fields like engineering or medicine, philosophy may not seem to directly solve practical, real-world problems. 	1. Studying philosophy has no use for life ethics. 2. Philosophy education has low working fields.	Majority of places is doing this type. But, It is here.	A variety of fundamental questions about the nature of ourselves and the world we live in.	agree	agree	agree	agree	agree	1	3	2	1	1
Freedom of speech is being taken too far	people can say harmful things feelings can hurt by words some people can cause others to cry through words 	1. Some argue that freedom of speech has led to an increase in hate speech, misinformation and the spread of harmful ideologies. 2. The internet and social media platforms have made it easier for hate speech and false information to reach large audiences, creating a need for more restrictions. 3. Extremist groups and individuals have exploited freedom of speech to promote violence and radicalization. 4. There is concern that unfettered freedom of speech can lead to a toxic online environment that discourages healthy discourse and rational debate. 5. In some cases, people have used freedom of speech as a shield to engage in harassment, cyberbullying and doxxing.	1. Freedom of speech was misused by some peoples in the society. 2. speaking freedom had affect the hearing audience to go a bad way.	A Freedome of speech is freely to speak of thoughts of peoples to tell any places.	This is our history.	agree	agree	agree	agree	agree	3	5	2	1	1
Eugenics isn't all that bad... And we don't even have to kill anyone for it	keeping the best will lead to the best in the future	1. Some argue that eugenics can be used in a non-coercive, voluntary manner to improve the genetic health of the population through selective breeding or genetic counseling.	1. Eugenics improving the human race by encouraging those with desirable traits to breed. 2. Eugenics helps people who scored high on IQ test support for having more children. 3. Eugenics is the main cause of racial improvement not bad at any tim.	Yes, Eugenic isn't all that bad.	negative eugenics focused on reducing degenerate offspring by preventing those that had undesirable traits from breeding	agree	disagree	agree	agree	disagree	1	1	3	1	1
What is your favorite X does not stimulate interesting discussion and shouldn't be allowed on strictly moderated forums/subreddits.	such talk is boring and not important favorite things has little value to others	1. Strict moderation can help maintain a higher quality of discussion by removing irrelevant or low-effort content. 2. It can prevent the spread of misinformation, hate speech, and harmful content that can negatively impact the community. 3. Moderation can create a safer and more inclusive environment, encouraging a wider range of participants to engage in discussions. 4. It can deter trolls and individuals who aim to disrupt the community rather than contribute constructively. 5. Some topics may be sensitive or distressing for certain members, and moderation can protest them from harm.	1. Strict moderation of subreddits is not a good thing. 2. Some X related subreddits was not give a good knowledge about the children.	I use to discuss about trip to explore the world.	ractically any adult content you can think of is allowed on Reddit.	disagree	agree	agree	agree	agree	2	5	2	1	1
Irony aside, most people that post in are uneducated, and changing their view on one point won't solve this overall problem	changing one view point has little value it makes no one smarter	1. Online platforms often attract a wide range of individuals, and not all participants may be well-informed or educated on the topics they discuss. 2. Changing one's view on a single point may not address the underlying issues of limited education, critical thinking, or information literacy. 3. Education is a long-term process, and merely altering viewpoint may not lead to a more informed and critical thinker. 4. Some people may be resistant to change or new information, making it difficult to significantly impact their overall education through online discussions. 5. Many factors beyond changing one's views, such as access to quality education and information sources, influence overall education levels.	1. Uneducated people had no sense to how to behave at any place. 2. Uneducated people post mostly wrong information for anything. 	I am totally agree changing their view on one point won't solve this overall problem	They're making us smarter, according to an overwhelming majority	disagree	agree	agree	agree	agree	2	5	2	1	1
Driving a car is insanely risky and probably the most dangerous thing you do in your everyday life.	For most of us, driving is the single most dangerous thing we do in the course of our ordinary lives. But because we do so much of it, it is also the most mundane, ordinary and casual function we perform. Much of the time we hardly think of its inherent risks. We get behind the wheel.	1. Following basic traffic rules makes driving a car safe. 2. There are speed limits in place to prevent people from driving dangerously. 3. There are many other things in life more dangerous than driving a car.	For most of us, driving is the single most dangerous thing we do in the course of our ordinary lives. But because we do so much of it, it is also the most mundane, ordinary and casual function we perform. Much of the time we hardly think of its inherent risks. We get behind the whee	For most of us, driving is the single most dangerous thing we do in the course of our ordinary lives	Studies show the most dangerous form of distracted driving is texting or calling behind the wheel. Cell phones impair all three types of distracted driving simultaneously, which makes them a triple threat to your safety and others.	agree	disagree	agree	agree	agree	1	3	1	1	1
Assuming there is no afterlife, then life is ultimately meaningless and pointless because we die.	Eternal oblivion (also referred to as non-existence or nothingness) is the philosophical, religious, or scientific concept of one's consciousness forever ceasing upon death.	1. Without an afterlife, any actions are meaningless because the universe would then be meaningless.  2. Anything you accomplish in life will be forgotten as soon as you die. 3. There are no consequences in the end when there is no afterlife. You will ultimately die no matte what you do.	1.Existential death anxiety is the belief that everything ceases after death; nothing continues on in any sense. Seeing how people deeply fear such an absolute elimination of the self, they begin to gravitate toward religion which offers an escape from such a fate. 	Existential death anxiety	Without God, even if human life could be meaningful within the frame of the universe, it would be ultimately meaningless because the universe itself would be pointless. It would be like playing a part in a pointless play	agree	disagree	agree	disagree	disagree	1	3	1	1	1
EMTs, SAR, firefighters, police, etc. should receive “military discounts”.	Active Duty members, Reserves, Veterans and Retirees – including their immediate families – of the U.S. Air Force, Army, Coast Guard, Marine Corps, Navy, and National Guard receive a discount.	1. These types of jobs go above and beyond traditional jobs. So they deserve special perks.  2. EMTs, SAR, firefighters, and police work to protect everyone. So giving back makes them feel valued. 3. It's good to reward people who serve the greater good.	1.Many merchants offer special discounts to firefighters, EMTs and medics and other first responders in order to say 'thank you' for their service. Working as a firefighter means you put your life on the line every day. 	Who's Eligible for Military Discounts? Military discount programs are typically available to active-duty military and veterans, 	Who's Eligible for Military Discounts? Military discount programs are typically available to active-duty military and veterans, but some retailers offer broader discounts. Military discounts can also be available to retirees, reservists, National Guard members, and even family members.	agree	agree	agree	disagree	agree	1	3	1	1	1
I believe you have three choices once you discover the suffering animals endure in the meat industry...	Cows. Cows and bulls raised for meat are socially complex animals who develop friendships and experience pain, fear and anxiety when beaten or separated from their herd. Painful mutilations are common in the industry. Farmers cut off or burn their horns and castrate male calves.	1. Animals are helpless so harming them is immoral. 2. We should stop animal cruelty when it only benefits humans. 3. It's wrong to cause pain to an innocent living thing.	1.Cows. Cows and bulls raised for meat are socially complex animals who develop friendships and experience pain, fear and anxiety when beaten or separated from their herd. Painful mutilations are common in the industry. Farmers cut off or burn their horns and castrate male calves. 	Chickens are the most abused land animals on the planet.	On factory farms, animals are subjected to routine mutilations, endure extreme confinement, and are otherwise manipulated to benefit human consumers. Generally, all these practices are harmful to the animals. Below are just a few of the ways that factory farming affects animals.	agree	disagree	agree	agree	agree	1	3	1	1	1
America is a better place because of the 55 million abortions its had	NOTHING	1. The abortion process is safe and can save lives. 2. Abortion helps stop overpopulation.  3. A woman should be free to choose what to do with her own body.	1.A majority of people in Colorado voted for abortion, I think a majority of people in Michigan are for abortion,	Every year, worldwide, about 42 million women with unintended pregnancies choose abortion,	The so-called “right to privacy” that allowed abortion on demand was created by the Supreme Court for women, ii but for forty years now that right has been extended to the abortionist as well. This shroud of privacy enables abortionists to literally get away with murder and mayhem as thousands of women are injured each year. iii Abortion has become the most unregulated industry in the United States because Governors, legislators, and Attorneys General fail to enforce or write laws that will actually protect women. In addition to a lack of regulation, the ravages of “choice” continue to take a toll on individuals, families, states and the economic stability of the nation. This report seeks to examine this issue in the hopes that Congress consider investigations to explore the physical, legal, cultural, and economic harm abortion has created in our nation.	disagree	agree	agree	agree	agree	0	3	3	1	12
Humans are going to die out because of an economic collapse	Many investors turn to conservative asset classes such as bonds during recessionary periods. mutual funds may also be a useful area to consider and so may established big companies with strong balance sheets and cash flow.	1. Covid caused economic disruption, and many individuals ended up dying. 2. Life sustaining necessities will be scarce or non-existent in a total economic collapse, and people cannot survive without basic needs being met. 3. Economic disruption causes job loss, which causes isolation, which causes depression, which causes suicide and death.	nothing	1.In a recent poll of economists, the World Economic Forum found that nearly two-thirds of the respondents believe there will be a recession	1. Unemployment is a major con of a recession, and it can make you feel insecure when it comes to your own job 2. Decreased asset values — During a recession, your assets may be worth less than they were beforehand.  3.  higher unemployment, reduced economic activity, reductions in income and wealth, and greater uncertainty about future jobs and income	disagree	disagree	disagree	agree	agree	1	3	0	1	3
Veganism and vegetarianism are not the best way to improve farm animal welfare	the animal veganism this healthy and the veganism protein and development of discipline and self control	1. Growing vegetables takes food and land away from farm animals. 2. Many vegetarians still eat egg products. 3. There will be no need for farm animals anymore if everyone goes vegan or vegetarian.	nothing	1.Going vegan is one of the best things you can do to help stop animal cruelty.	1. Prevent infectious disease outbreaks 2.  Prevent culling of chicks, and castration of young male piglets. Prevent anti-microbial resistance build-up. Prevent animals being slaughtered for fur and hides	agree	disagree	disagree	disagree	agree	1	3	0	1	2
The EGG came first before the chicken.	there is no doubt that the egg came before the chicken we tend to think of eggs as the shelled orbs laid by birds from which their chicks.	1. Chickens are hatched from eggs. 2. An egg for a chick is like a womb for a baby. 3. Baby chicks need the warmth and protection of an egg in order to incubate.	Back to our original question: with amniotic eggs showing up roughly 340 million or so years ago, and the first chickens evolving at around 58 thousand years ago at the earliest, it's a safe bet to say the egg came first.	1.with amniotic eggs showing up roughly 340 million or so years ago,	1.  there is no doubt that the egg came before the chicken. 2.  the egg takes precedence. Many characteristics of the modern avian egg namely an oblong, asymmetrical shape and a hardened shell were in place before birds diverged from dinosaurs about 150 million years ago	disagree	agree	agree	agree	agree	1	3	1	1	2
Patriotism is the belief that being born on one side of a line makes you better.	patriotism is a feeling of love devotion and support for one country.	1. Patriots believe that their country is superior as proved by their loyalty to it. 2. Patriots like Patrick Henry were willing to give up their life for their country, as expressed by his statement to give him liberty or give him death. 3. Many patriots risked their lives fighting for their country in wars. 	While nationalism puts emphasis on the heritance of language and cultural unity, patriotism puts more emphasis on values and beliefs and aims to achieve love for country and nation. 	1.Patriotism is the feeling of love, devotion, and a sense of attachment to one's country.	1. patriotism can foster a sense of purpose and belonging. 2. It can give individuals a sense of pride in their accomplishments, and a desire to work towards the betterment of their country. 3. At the societal level, patriotism can help to create a sense of national identity.	disagree	agree	agree	agree	agree	1	3	1	1	3
I believe the Major League Baseball regular season is too long in terms of the number of games played	The major league baseball the regular season games are the major league baseball so exciting and captivating. baseball game very liked.	1. There is 162 games in the season, which is almost half of the days in the entire year. 2. The weather does not allow for 162 games to be fit in a season in areas where the climate is colder. 3. Win and loss trends to determine the best teams can be detected with much fewer games.	Major League Baseball started adding teams. To continue playing each division rival twenty-two times would mean playing nearly two-hundred games. “Owners ultimately put a stop to the 22 game format and settled on 162 games,	1.The record for the longest series was set in 1904, when the St. Louis Browns played the Detroit Tigers for 11 consecutive games. 	1.  baseball is a more slow paced, non-contact sport, players could endure a season of that length.	agree	disagree	agree	agree	agree	1	3	1	1	1
I believe that regularly browsing 4chan will make you into a worse person	its beliefs for that	i cannot agree with this statement	4chan was created by teenage Internet entrepreneur Christopher Poole (under the username “moot”) in 2003. Poole had been a poster on Something Awful, one of the Internet's most active and influential discussion forums. Something Awful was, however, heavily moderated, and its community discouraged memes. 	4chan was designed to be toxic.	1.This is true	agree	disagree	agree	agree	agree	1	1	1	1	1
i have a hard time feeling sympathetic towards ebola aid workers (and feel bad about it)	its more cruel thought that anything	i really feel bad for ebola aid wokers.	Various forms of psychological distress were prevalent among EVD survivors including depression, anxiety, anger, grief, guilt, flashbacks, sadness, worthlessness, substance addiction, suicidal tendencies and self- stigmatisation.	Various forms of psychological distress were prevalent among EVD survivors including depression, anxiety, anger, grief, guilt, flashbacks, sadness, worthlessness, substance addiction, suicidal tendencies and self- stigmatisation.	Good	agree	agree	agree	agree	disagree	1	1	1	1	0
Why America isnt a scary place to move to	America is not an scary one	america is best place to move	The U.S. ranks highly overall for its working abroad index, according to the latest “Expat Insider” report from Internations, the global community for people who live and work abroad. The U.S. ranks No. 1 for both the local job market as well as personal career prospects, and No. 7 for work culture and satisfaction.	Countries in Europe were well-represented among those perceived as the most safe by all respondents.	IT is not a scary place.  It is very secure place.	disagree	agree	agree	agree	disagree	0	1	1	1	2
Colonel Quaritch from "Avatar" was right.	yes it was right the movie avatar was so good and it has more animated one	i relally feel right about him. he was fighting for humanity's future and he took care of his own, and had good relations with his SecOps soldiers, who respected him as a commander and leader. 	Despite his menacing actions towards the Na'vi, Quaritch was not completely evil and had some redeemable qualities. Quaritch believed he was fighting for humanity's future and he took care of his own, and had good relations with his SecOps soldiers, who respected him as a commander and leader.	Colonel Miles Quaritch is the main antagonist of the first two Avatar films	James Cameron from Avatar.	agree	agree	agree	disagree	disagree	1	1	1	1	1
Food is close to inedible when the expiration date printed on the container is near, within a couple of days.	food is more important for our lifestyle and its more  necessary for all belongings	i cannot agree with this statement	There is no such thing as an “expiration date” for food. They are “sell by” or “best by” or “use by” dates. Food is still perfectly fine after the date stamped on the package. Depending on the type of food, sometimes it's good for much longer.	FDA regulations require drug applicants to provide stability testing data with a proposed expiration date and storage conditions when they submit an application for FDA approval of their drug	Food is important.	agree	disagree	agree	agree	agree	1	1	1	1	1
Playing Smash Bros. with items turned off is lame.	I always play with items on because I know sis would otherwise struggle, especially if I'm in the same match. That said, no, let people play however they want. The fun of Smash is its versatility: there's no "intended" way, just options for both kinds of players to come and enjoy a good brawl. 	1. The items make the game interesting. 2. Playing without items is not very challenging.	Items can be unfair and give players a random advantage. Items can be frustrating and make it difficult to win based on skill alone. Items can make the game less competitive and engaging. Items can make the game less strategic and more chaotic. Items can be boring and repetitive after a while. Items can make the game less fun for some people	i completely disagree for this statement. so I do not select agree option for this one		agree	agree	agree	disagree		1	2	6	1	
The term "steep learning curve" is used incorrectly what people really mean is "shallow learning curve"	There's also the idea that learning comes with effort, and a steep learning curve means that you're putting a lot of effort into learning rather than into performing the task, whereas a shallow learning curve means that your effort goes mostly into producing results rather than learning 	1. Depending on one's perspective the learning curve could be steep or shallow.	Learning a new programming language has a steep learning curve. Using a new software application can have a steep learning curve. Mastering a new musical instrument has a steep learning curve. Learning a new language has a steep learning curve.	1.Steep learning curve usually means there is a lot to learn but initially it is not easy to learn 2. A shallow learning curve means you can learn most of it rather quickly 3.Steep learning curve usually means there is a lot to learn but initially it is not easy to learn.		agree	agree	agree	agree		1	1	4	3	
Nobody who works in a cubicle or other job where you rarely interact with anyone other than your co-workers should have any dress code beyond "cover your naughty bits" and "don't wear offensive stuff"	anyone other than your co-workers should have any dress code beyond "cover your naughty bits" and "don't wear offensive stuff"	1. There is no need for employees to have the expense of a big wardrobe if they do not see others while working. 2. Dress codes are restrictive and can make employees feel rebellious or unhappy. 	Employees should be free to express themselves through their clothing. A dress code can restrict this freedom and make employees feel uncomfortable and self-conscious. A dress code is unnecessary in a job where employees are not interacting with customers or clients. There is no need for employees to dress in a certain way to impress anyone other than their co-workers. A dress code can be expensive and time-consuming for employees to comply with. Employees may have to purchase expensive clothes or uniforms, and they may have to spend time each day getting ready for work. A dress code can be discriminatory. For example, a dress code that requires women to wear skirts or heels may be discriminatory against women with certain disabilities.	1.  I think that it's absurd to have a company tell you that only certain pieces of clothing are acceptable to wear to type on a keyboard or operate a phone. 2. As long as the worker is getting their job done, how they dress should be completely irrelevant, so long as they aren't distracting or offending other people at the office.		disagree	disagree	agree	agree		1	2	4	2	
A teenager can be just as intelligent as an adult (on certain topics) because age and experience don't equal intelligence.	It depends on how you're defining intelligence. IQ does not increase with age, but most of us know a lot of stuff that younger people have not had enough time or experience to learn. 	1. There are some things young people are good at because they have had more exposure to them. 2. A teenager can be an expert in a topic if they have recently studied it.	Teenagers have access to a vast amount of information and resources. With the internet and other technologies, teenagers today have access to more information than any previous generation. This can help them to learn and develop their intelligence at a faster pace. Teenagers are often more open-minded and creative. Teenagers are still developing their identities and worldviews, which can make them more receptive to new ideas and perspectives. They may also be more likely to think outside the box and come up with innovative solutions to problems. Teenagers are often highly motivated to learn. Teenagers are often eager to learn new things and to prove themselves. This motivation can drive them to achieve great things, even if they don't have the same level of experience as adults.	I completely  disagree about this statement. so I cannot select agree for this one.		agree	agree	agree	disagree		1	2	3	1	
Attempting to convert people to your religion (or lack of) is a MORAL thing to do.	To proselytize is to try to persuade someone to switch to your religious beliefs or your way of living. If you are going to proselytize, try not to be too pushy! 	1. It is good to share things that are meaningful to you with other people.  	People have the right to freedom of religion, and this includes the right to share their beliefs with others. Converting to a new religion can be a life-changing experience for many people, providing them with a sense of purpose, community, and meaning in life. Some religions believe that it is their moral duty to convert others, as they believe that their religion is the only true path to salvation.	1. To proselytize is to try to persuade someone to switch to your religious beliefs or your way of living. If you are going to proselytize, try not to be too pushy!		agree	disagree	disagree	agree		1	1	3	1	
Insults such as 'You're gay' are not an affront to gay people	1. i cannot agree this because no one can insult other person with words or anything.	1. It is just a way of joking with people.   2.  There are many things said that don't mean offense.  	Legislation that denies equal rights to gay people is also an affront. Restrictive laws that criminalize same-sex relationships, refuse to recognize same-sex marriages, or hinder LGBTQ+ adoption rights devalue and demean the lives and relationships of gay individuals. These discriminatory laws foster an unequal society and deny gay people their fundamental right to love, family, and protection under the law. Ultimately, it is essential for society to recognize that affronts to gay people not only harm individuals but also the fabric of a just and inclusive community. By working together to dismantle prejudice and discrimination, we can create a world where all individuals, regardless of sexual orientation, are treated with respect, dignity, and equality.   	1. you're gay" is not necessarily insulting to gay people 2.  there are endless possibilities, activities, and configurations that have equal chances of being functional in relationships. 	1. You're correct that saying "you're gay" is not necessarily insulting to gay people.  2. If someone is legitimately behaving like a homosexual (in jest, or seriously), then there's nothing wrong with saying "you're gay." 3. In these cases, the phrase "you're gay" has power because the person is, well, acting gay. 4. But if someone is doing something that has nothing to do with sexuality, then it definitely is insulting to gay people to say "you're gay."	disagree	disagree	agree	agree	agree	1	2	1	2	4
I don't think anyone should have to pay child support. Ever.	1.i cannot agree to this statement because it not a moral thing	1. It is up to the government to take care of people.  2. More funding is needed from the city for kids. 	Paying child support is necessary and fair as it helps ensure that both parents contribute financially towards raising their children. It is an important way to provide for the child's basic needs, such as food, clothing, and education.	1. child will grow up to run a a small business to lead a life. 2. they have many talent. 	1. Not any agreeing statement.	disagree	disagree	disagree	agree	disagree	1	2	1	2	1
If you pay a flat fee for Internet, it is a nice and acceptable thing to leave an unsecured WiFi network for neighbors and travelers.	1.ofcourse a flat fee of internet can usable for multi users so i agree to this.	1.  People should share their resources.  2.  They are not loosing anything by sharing this service.  	Unsecured WiFi networks for neighbors and travelers can be a convenience and service for those in need. Providing unsecured WiFi networks for neighbors and travelers can be considered a generous and helpful gesture. In areas where access to the internet is limited or expensive, such networks can offer a lifeline for individuals who cannot afford their own connection or are on the move. This can particularly benefit travelers who might be in unfamiliar places and need access to information, maps, or services.	1. it is very useful	1. If you pay a flat fee for Internet, it is a nice and acceptable thing to leave. 2.  unsecured WiFi network for neighbors and travelers.	agree	disagree	agree	agree	agree	1	2	2	1	2
There is No Free Will	1. everyone has free will.	1.  Things in the world are determined by fate.   2.  We cannot change what will happen in the future.  	1 nothing else world people who accept There is No Free Will it's bright an future  	1. Free will is the notional capacity or ability to choose between different possible courses of action unimpeded. 2.  we have free will if our choices are determined by that which we experientially identify with	1. It is not easy to agree.	disagree	disagree	agree	agree	disagree	1	2	2	2	0
There is no sound biblical argument that makes being trans-gender morally wrong.	1. there no bible evident to seduce trans gender morally wrong.	1. Transgenderism is not mentioned in the Bible.   2.  God loves all of the people on earth.  	1 It is important to approach this topic with sensitivity, respect, and an understanding that individuals may hold different beliefs and perspectives.  2 While there are varying interpretations of religious texts, it is worth noting that no religious or biblical argument explicitly condemns or addresses the concept of transgender identities.	1.argument that makes being trans-gender morally is not wrong	1. Our latest resource provides a brief overview of the Bible's precedent for affirming full inclusion of trans and non-binary people. 2. There is a view amongst some Christians that being transgender is an affront to God's design and an outward sign of rebellion. 3. People can't wish away this fundamental physical reality—and that's a good thing.	agree	disagree	agree	agree	agree	1	2	2	1	3
Physical media such as DVDs, blu-rays, and music CDs are pointless to purchase, because they will be obsolete within 10 years	When you purchase a digital version of a movie, you are only licensing the content. You do not own it. Film collectors often like to have hard copies of their purchases. Also, some older movies or rare films are difficult to find in digital	i agree with the statement that physical media like DVDs, Blu-rays, and music CDs may become obsolete within 10 years .because the rapid advancement of digital streaming and downloadable content has reduced the necessity fir physical media	Fewer people buy them today, and even fewer ever play them at home. But still, many people want to enjoy a sense of nostalgia by watching DVD and Blu-ray movies. Many Blu-ray and DVD selling stores and collectors are planning to revive more than 700 million discs in the market in 2022.	1. I agree with the given statement, because now a days all films and shows are available in OTT platform. 2. I could be missed somewhere else.	YES	agree	agree	agree	agree	agree	1	1	1	2	0
The most financially successful film released in 2014 was likely Planes: Fire and Rescue	The film was theatrically released on August 9, 2013, when it was also screened at the D23 Expo in Anaheim, California, a biennial convention for Disney fans	i cannot agree with this statement	Planes: Fire & Rescue (also known as Planes 2: Fire & Rescue) is a 2014 American animated comedy-adventure film produced by Disney toon Studios and released by Walt Disney Pictures	1. It is also the one of the successful films released in the year 2014	YES	agree	disagree	agree	disagree	agree	1	1	1	1	0
Men should either be able to waive their financial obligations to their child, or they should have abortion rights.	Laws and policies on abortion have been changing rapidly across the United States since the US Supreme Court overturned the federal constitutional right to	i cannot agree with this statement	Laws and policies on abortion have been changing rapidly across the United States since the US Supreme Court overturned the federal constitutional right to abortion in late June in Dobbs v. Jackson. As a result, some information here may be out of date. Our team is working diligently to update this resource. Thank you for your patience.	Fathers can have the financial decisions for their children.	YES	agree	disagree	agree	disagree	agree	1	1	1	1	0
Japan ought to ban abortion	Abortion in Japan is allowed under a term limit of 22 weeks for endangerment to the health of the pregnant woman, economic hardship, or rape	the statement that japan ought to ban abortion is a matter of debate and depends on various factors, including cultural and legal considerations. 	The aim of this paper is to provide a panoramic view of laws and policies on abortion around the world, giving a range of country-based examples. It shows that the plethora of convoluted laws and restrictions surrounding abortion do not make any legal or public health sense. What makes abortion safe is simple and irrefutable—when it is available on the woman’s request and is universally affordable and accessible.	An abortion is killing a soul without knowing them.	YES	agree	agree	agree	agree	agree	1	1	1	1	0
Mentally handicapped people should be held to more or less the same standard as neurotypical employees when working at their job.	Individuals who are neurotypical develop skills, such as social or organizational skills, at around the same rate as others their age. They can also tolerate change, disruption in routines, and distractions without too much difficulty	i cannot agree with this statement	Benefits of Neurodiversity in the Workplace. Efforts to increase neurodiversity can enhance the workplace in many ways. Neurodivergent workers can contribute their talents, skills, and perspectives in ways that can directly benefit your organization's mission and help support productivity and performance.	The neurotypical people cannot do the work perfectly.	YES	agree	disagree	agree	disagree	agree	1	1	1	1	0
: In most cases, the pirates that only download but do not upload copyrighted content are causing no loss to the copyright holder.	Under copyright law, it is illegal to download or share copyrighted materials such as music or movies without the permission of the copyright owner	1.The exception to this is a rule called fair use. 2.Fair use means can use copyrighted material without a license only for certain purpose. 3.Important fair use deprives the copyright owner of income or potential market for the copyright work.	1. Pirates who only download content do not further exploit said content. 2. Downloading content that is copyrighted allows content to be consumed by more people that do download it and can enhance the fan base. 	1. duplicating and distributing copyrighted materials without permission from the copyright holder. While it is widespread and tacitly accepted in some circles, piracy can lead to civil liability and criminal penalties under federal law.	 N Cost: Pirated software costs nothing, or close to nothing, to obtain. ... N Easy to Acquire: Pirated software is extremely easy to find, whether online, or sold openly. N Anonymity and Personal Privacy: Pirating software can be committed without going out.	agree	disagree	disagree	agree	disagree	1	3	2	1	3
Instead of "bands" for income tax there should be a continuous formula for tax rates	The United States uses a progressive tax system, which means different portions of your income are taxed at different rates and that typically the more taxable income you have the higher the tax rate. Learn more about this system and how it impacts you in this article about tax brackets.	1.there is no increase in real income or in rates. 2.fiscal drag can be neutralized by adjusting the value of deductions and tax bands of the dynamics of inflation. 3.the employers use the appropriate tax rates on an employees income tax residency status.	1. Bands can cause uneven tax rates for classes of people and formulas are straightforward.  2. A formula does not discriminate against people and sets a standard rate.	1. having a fixed number of income tax bands there should be a continuous function relating your salary to the rate of tax that you pay. 2.  tax rate system seems like it may be perceived to be more fair and easier for the public	The most straightforward way to calculate effective tax rate is to divide the income tax expense by the earnings (or income earned) before taxes. Tax expense is usually the last line item before the bottom line—net income—on an income statement. 	agree	agree	disagree	agree	agree	1	3	2	2	1
Making a product or service illegal only creates a black market which is generally more harmful than what is being made illegal	The "illegal economy" consists of economic activities pursued in violation of legal statutes that define the scope of legitimate forms of commerce. Illegal economy participants produce and distribute prohibited goods and services, such as drugs, weapons, and prostitution	1.the black market encourages the same illegal goods and services such as drugs and weapons 2.the black markets are the core of the dark web because it is the most evident way in which people make on the proposal. 3.the black market is a transaction platform. 	1. When people do not have access to a product or service, there becomes secondhand sellers and scalping. 2. Making a service illegal causes people to have FOMO and hoard products as well as service utilities. 	1.  black markets operating worldwide include those in human organs, endangered species, babies, weapons, and slave labor 2. A black market is a transaction platform, whether physical or virtual, where goods or services are exchanged illegally	Goods and services acquired illegally and/or transacted for in an illegal manner may exchange above or below the price of legal market transactions: They may be cheaper than legal market prices. The supplier does not have to pay for production costs and/or taxes. This is usually the case in the underground economy. 	agree	agree	agree	agree	disagree	1	3	2	2	1
Mobile websites are a relic of the early mobile internet era and are inferior to actual websites when using your smartphone.	Mobile websites are compatible across all devices and can be accessed by anyone through a web browser, while apps require downloading and special adaptations for each operating system -- such as Android and iOS.	1.the basic and features are less popular overall, some countries stand out for high usage of these connected phones. 2.the convenience, easy communication with customers, and online usage.	1. Mobile websites are in a format that is simplified causing you to not gain the full experience of websites.	1. The consensus is that mobile devices will continue to grow in importance because people need to be connected	Improved user experience:  Faster download speed: . Brand identity: . Competitive edge: . Cost-effective option: . Easy to find online. . Shareability is more easeful.  Lifecycle.	agree	agree	disagree	agree	agree	1	2	1	1	8
There is only one "right" way to play the Mass Effect series (spoilers)	Well, the recommened order for playing the Mass Effect games, are ME1, then ME2, and ending the trilogy series with ME3	1.this seems to be a popular option despite its difficult, sometimes heartbreaking consequences. 2.the made decisions that rendered every play through a little bit different.	1. There is one path to completing Mass Effect that makes the most sense that gets you the most out of the game. 2. Playing the game one way will be a seamless experience. 	1.  to keep all these losses to a minimum in this mission by choosing the right options and squad mates when these decisions come up	For example, a decision made in Mass Effect 1 will change things in Mass Effect 3... or it'll only extend to the current scene. The hard truth is that while Mass Effect will have many chances to affect future events, 90% of the choices you make won't matter outside the scene they take place in. 	agree	disagree	disagree	agree	disagree	1	2	2	1	1
Any given aspect of the legal system should be short and simple enough that an average high school graduate could fully memorize it	1. Making the legal system simple avoids confusions and mix ups. 2. People would no longer need lawyers and could save a lot of money. 3. More people would get involved in the legal and political system because it would be far easier to understand. 4.People would trust the government more because they would clearly understand how the law is being applied specific situations.	1.Memorization is key not only to your success in law school 2.You'll need to memorize a lot more in a shorter amount of time.	1.It makes everyone to know their governments rules and regulation. 2.The crime rate will decrease automatically. 3.People try to follow the rules in the proper manner.	the suspect get more advantage ones they got the redemtion	1. I completely disagree with that statement because	agree	agree	agree	agree	disagree	4	2	3	1	1
The theatrical cuts of Lord of the Rings are superior to the extended cuts and should be considered the definitive versions.	1. Lots of people can't sit still for more than a couple of hours so they would prefer the theatrical cut. 2. A lot of people don't know the full lore of Lord of the Rings, and the extended cuts would be confusing. 3. The theatrical cuts are more mainstream and so more people would have seen them. 	1.The pacing of the extended versions is significantly worse 2.While Extended is incredible for LOTR fans 3.the Theatrical version is much preferred by more casual moviegoers	1.It was great idea and many of the people likes it. 2.Many people likes to watch the extended versions in the theater too.	the lord of the rings is so sofacated one for the end case and ill also watch those series	1. While Peter Jackson's Lord of the Rings trilogy is widely regarded as a well-made adaptation of J.R.R. Tolkien's work, the extended editions earned even more praise.  2. These editions offer at least an hour of additional material for each film, and they do not disappoint.	agree	agree	disagree	agree	agree	3	3	2	1	2
People who cheat on their spouses can and should, in some cases, be forgiven	1. Sometimes the person cheating is still the best person that their spouse can get, so they shouldn't throw away the relationship because of that. 2. Forgiving their spouse can lead to a lot of personal and relationship growth, and the relationship can be stronger because of it. 3. Staying mad at someone is bad for the health of that person. It can cause a lot of stress and anguish which can lead to other health issues. 4. Sometimes infidelity can reveal issues in the relationship what needed to be addressed.	1.Cheating in a relationship does not immediately signify the end of the relationship. 2.Cheating in a relationship can change the dynamic in a relationship 3.choosing to forgive someone for cheating may lead to rebuilding a stronger foundation together.	1.The reason was considered as a forgivable so it was the move to be 2.If the person was changed and trying to live a good life he might be forgiven.	yes ill give forgiveness for the anyway they all are my spouse	1. Trust needs to be rebuilt, and the cheater needs to demonstrate genuine remorse and make amends for their actions.  2. The extent to which forgiveness is possible depends on various factors, such as the commitment to the relationship	agree	agree	agree	agree	agree	4	3	2	1	2
Otherkin are delusional and should be treated as such	1. Objective reality is necessary for humans to survive, and otherkins try to defy objective reality, hence hurting people's chances of survival. 2. This kind of believe is a signal of some sort of psychological and mental disorder, and requires treatment. 3. If other people do not treat such things as delusional, then the illness will get worse and it will grow like a disease. 	1.unusual psychology or neurodivergence and do not hold spiritual beliefs on the subject.	1.Try to come across as non-confrontational and calm, expressing concern as a form of opinion, rather than judgments. 2.Some otherkin believe their identity derives from spiritual phenomena	nope this will be an unhealthy for all	1.Some otherkin believe their identity derives from spiritual phenomena (such as posessing a nonhuman soul, reincarnation, or the will of God), ancestry, symbolism, or metaphor. 	agree	agree	disagree	agree	agree	3	1	2	1	1
Swimming is the best form of exercise	1. Swimming is a compound exercise and a full body workout. A person can exercise every muscle very quickly. 2. Swimming is easy and fun, so many people would want to do it. 3. Training in water helps make the muscles stronger without using weights. 4. Water can be a good stress reliever so it helps the mind and body at the same time. 	1.keeps your heart rate up but takes some of the impact stress off your body 2.builds endurance, muscle strength and cardiovascular fitness.	1.Swimming is a great workout because you need to move your whole body against the resistance of the water 2.It keeps your heart rate up but takes some of the impact stress off your body.  3.It builds endurance, muscle strength and cardiovascular fitness.	yes its so best	1. we can reduce lot of fat  while swimming 2. our stamina and breathing percentage will be increase while swimming	disagree	agree	agree	agree	agree	4	2	3	0	2
I feel skill is largely determined by experience. Compliments on skill are almost meaningless.	Usually, thinking, “I'm not good at anything” indicates that you are experiencing a bout of low self-esteem1 or self-doubt. Some people can shake these thoughts off, and move on. But it's common to get bogged down in this type of thinking. If this type of thinking becomes dominant, it can be difficult to move past it.	yes	1.Without understanding the context, the advice is meaningless, or even worse, harmful.	1. i support to this statement	I keep getting well-intentioned compliments on my work that I think are negatively impacting my career path.	agree	agree	agree	agree	disagree	1	0	1	1	1
Surplus Value Theorem is definitive proof that capitalism is an inefficient system.	The surplus produced over and above what is required to survive, which is translated into profit in capitalism. Since the capitalist pays a laborer for his/her labor, the capitalist claims to own the means of production, the worker's labor-power, and even the product that is thus produced.	The surplus produced over and above what is required to survive	1.The surplus produced over and above what is required to survive, which is translated into profit in capitalism. 	1. i agree to this	Good	agree	agree	agree	agree	agree	1	1	1	1	0
The highest form of relationship between men and women doomed to be romance	This is backed up by Marissa Harrison, a psychologist from Pennsylvania State University who thinks that women are much more cautious when it comes to love, while men tend to fall in love harder and faster. Studies show that a man's requirements to fall in love are significantly less stringent than those of a woman.	men tend to be more romantic	1.Both parties can be romantic; it all depends on the circumstances and personalities involved.	1. i agree tot his	love part of romance	agree	agree	agree	agree	agree	1	1	1	1	1
Me joining the army is not a waste of time nor does it conflict with my personality	ou may be subject to health hazards, discrimination, and emotional or physical abuse. Your superiors may decide to cut your pay or benefits without even telling you. Even the job placement that the recruiter promised you may be changed at a moment's notice.	You may be subject to health hazards, discrimination, and emotional or physical abuse.	1. subject to health hazards, discrimination, and emotional or physical abuse. 	1. You absolutely do not want to have a job that gives you any kind of vacation time. ... 	i ilke army	agree	agree	agree	agree	disagree	1	1	1	1	1
The Call of Duty franchise is extremely overrated and overhyped.	There are few if any changes in gameplay, and the basic level design for the most part, remains the same. Even Advanced Warfare, which seemed to promise the most novel changes, was criticized for changing too little from its preceding games.	Advanced Warfare, which seemed to promise the most novel changes, was criticized for changing too little from its preceding games.	1.There are a few unique features here and there, but overall, it's just another FPS with nothing spectacular that sets it above the other games in its genre.	1.There are a few unique features here and there, but overall, it's just another FPS with nothing spectacular.	not	agree	agree	agree	agree	disagree	1	1	1	1	0
Posting nude pictures online is caused by a need for attention and not empowering	1. Posting nude pictures online is often driven by a desire  for attention, as it can elicit reactions, comments, and likes  from others, fulfilling a need for validation. 2. Some individuals may seek attention through nudity as a  result of low self-esteem or insecurity, using it as a way  to boost their confidence. 3. In some cases, the media and society's emphasis on  body image and physical attractiveness may contribute to  the perception that posting nude pictures is a means of  gaining empowerment or self-worth.	1. IT MAKE ATTENTION OF THE USER WHICH IS NOT SO IMPORTANT. 2. IT IS ILLEGAL IN MOST OF THE COUNTRIES.	2.This study brings forth the phenomenon of sexualization in women's social media photos.  1. women's motivations for posting sexualized photos were to gain attention and more friends/followers, and not necessarily objectification or empowerment 3. Johnston Baugh suggested in an earlier press release. So sometimes, sending nudes is a way to assert sexual agency.	1.Easly spread to many people. 2.There are chances for the wrong uses of it.	1.  it may lead to bullying and isolation. 2. nude image more widely and use this to blackmail a child and/or groom them for further sexual abuse.	disagree	agree	agree	agree	agree	10	2	3	2	2
Networking for jobs behaves as a discriminatory mechanism to keep money & good jobs inside a particular social circle, & should be discouraged or eliminated as a criterion for employment.	1. Networking for jobs can perpetuate inequality by favoring individuals with existing connections and social privileges, which can lead to economic and social disparities. 2. Relying on personal connections for employment opportunities can exclude qualified individuals who may not have access to such networks. 3. Eliminating networking as a criterion for employment can promote a more merit-based system where qualifications and skills are the primary factors in hiring decisions. 	1. NETWORKING  MAKES TO GET A LIMITED NUMBER OF PEOPLES INTO THE JOB THAN OTHERS. 2. IT SHOULD BE MADE EVEN WIDER NETWORKS AVAILABLE TO ALL.	1.Networking can open doors to new opportunities that might be out of reach otherwise. 2.Plus, a strong professional relationship can inspire someone to hand-deliver your resume to the hiring manager's desk. 3.This can make you stand out from the crowd and even help you land your dream job one day. 	1.Networking can open doors to new opportunities 2.This can make you stand out from the crowd and even help you land your dream job one day.	1. Networking can open doors to new opportunities that might be out of reach otherwise 2.  resource sharing, improved communication, and increased productivity	agree	disagree	agree	agree	agree	3	2	3	2	2
I believe the Brave Little Toaster is an incredibly underrated movie	1. "The Brave Little Toaster" is a charming and heartwarming animated film that often goes overlooked by a broader audience, making it underrated. 2. The movie's unique storyline and well-developed characters make it a hidden gem in the world of animation, deserving of more recognition. 3. It's a family-friendly film with themes of loyalty and determination, which can resonate with both children and adults, and its underappreciation is unfortunate. 	1. EVENTHOUGH IT IS A GOOD MOVIE BUT IT IS SEMMS TO BE UNDERRATED BY MOST OF THE PEOPLE. 2.THIS MOVIE HAS GOOD STORY BUT THE VISUAL ARE NOT ATTRACTING TO MOST OF THE PEOPLE. 3.MOVIES MUST BE MOSTLY ATTRACTIVE TO EVERY AUDIENCE WHO ARE WATCHING IT.	1.The Hanging Lamp is a supporting character who appears in The Brave Little Toaster at Elmo St. Peters's Parts Shop 2.. He appears during the "It's a 'B' Movie" song. 3.The Hanging Lamp seems creepy but good-hearted and affable, because he gave Lampy his own bulb, and tells him to use it in good health	1.Some of the storyline might be improvable. 2.Some technical issues are there.	1.  I feel like this masterpiece is largely unappreciated by a majority of people in favor of other animated movies. 2. mostly through its all-too-human emotional themes, and as a pleasant change from real-life actors, their dramas, and their careers.	agree	agree	agree	disagree	agree	3	3	3	2	2
If you're able, European and subscribe even loosely to European values, you should be on the Ukrainian border, driving back Russians	1. Supporting Ukraine in its defense against Russian aggression aligns with European values of sovereignty, democracy, and human rights, and it's a moral duty for those who share these values. 2. A united European response to Russian aggression on the Ukrainian border can send a strong message of solidarity and deter further acts of aggression. 3. European nations have a responsibility to protect and support Ukraine, as it reflects a commitment to international law and security. 	1. IF I WAS AN EUROPEAN SURE I WILL VALUE THE EUROPEAN THOUGHTS AND VALUES. 2. IT SHOWS THE VALUE OF THE EUROPEAN PEOPLE BOUND UNDER THEIR VALUE.	1.. Ukraine has long played an important, yet sometimes overlooked, role in the global security order. 2.oday, the country is on the front lines of a renewed great-power rivalry that many analysts say will dominate international relations in the decades ahead.	1.Might be they get the position at there.	1. Russian shelling hit the frontline region of Kherson in southern Ukraine on Monday, killing two civilians, local authorities said earlier.	agree	disagree	agree	disagree	agree	3	2	2	1	1
Progress in automation will eventually lead to a full fledge genocide on the majority of the population.	1. Automation can lead to significant job displacement, particularly in industries that heavily rely on manual labor, potentially causing social and economic upheaval. 2. If not properly managed, the rapid advancement of automation may exacerbate income inequality and result in a substantial portion of the population being left without means to sustain themselves. 3. The consequences of widespread unemployment and poverty due to automation could lead to social unrest, violence, and, in extreme cases, severe conflicts that harm the majority of the population. 	1. IF THE PROGRESSION IS AN ILLEGAL ONE THEN THE KILLING OF PEOPLE IS AN ACCEPTABLE BUT NOT TO THE EXTREME.	1.It can lead to increased productivity, lower costs, and improved quality. 2. It can also create new jobs in the development, manufacturing, and maintenance of automation technologies	1.It inputs the racism thoughts on people.	1. It can lead to increased productivity, lower costs, and improved quality. It can also create new jobs in the development, manufacturing, and maintenance of automation technologies.	disagree	disagree	agree	agree	agree	3	1	2	1	1
The global dominance of the abrahamic faiths is largely an accident of geography	1.Abrahamic religion is a term commonly used to designate the three prevalent monotheistic religions – Christianity, Islam, and Judaism. 2.Religion leaves an imprint on landscape, through culture and lifestyle. 	Judaism, Christianity, and Islam all recognize Abraham as their first prophet, they are also called the Abrahamic religions.	1. Religion is influenced by geography and in turn can affect geography.  2. Religion has determined political or administrative boundaries of regions (the Vatican), defined a region (the Bible Belt), or created connections (India with Hinduism, Thailand with Buddhism	Abrahamic religion is a term commonly used to designate the three prevalent monotheistic religions – Christianity, Islam, and Judaism – which claim Abraham as a part of their sacred history. Bahá'í is also included in this map. Abrahamic religions account for more than half of the world's total population.	1.Religion is an accident of Geography. Take any religion: God (or Gods) speak the local language. 2.Geography as in the communities we are born into.	agree	agree	agree	disagree	agree	2	1	2	1	2
People over the retirement age (62) should not be allowed to participate in politics.	1.82% of Republicans and 76% of Democrats support putting a maximum age limit in place for elected officials in Washington, D.C. 82% of Democrats and 68% of Republicans favor one for Supreme Court justices. 2.strong evidence suggests that your early 60s is the best time to retire.	provide the Legislature with new people who have fresh ideas and are strictly focused on serving the interests of their constituents during their short time	 1. But the older elected positions aren't retired. 2. They're politicians which means they do have a job.  3. Don't assume old automatically means retired ..	Over three-fourths of Americans think there should be a maximum age limit for elected officials, according to a CBS News/YouGov survey. Why it matters: The poll comes as attention toward the age of politicians has been in the spotlight after several incidents, including Senate Minority Leader Mitch McConnell (R-Ky.)82% of Republicans and 76% of Democrats support putting a maximum age limit in place for elected officials in Washington, D.C. 82% of Democrats and 68% of Republicans favor one for Supreme Court justices	1.If there is age limit it will gives the opportunity to the next generation. 2.Youngsters can step into the politics most likely.  	agree	agree	agree	agree	agree	2	1	3	1	2
Nativity scenes are antisemitic.	1.The first-ever nativity scene is attributed to Saint Francis of Assisi. He himself had recently been inspired by his visit to the Holy Land, 2.In 1969, the American Civil Liberties Union did not want a nativity scene at The Ellipse. After the matter was resolved by the United States Court of Appeals, the nativity scene was not displayed in 1973.[	nativity scenes aren't much more far-fetched than the traditional ones. nativity scenes unique and stunning.	1. This Advent, churches urged to assess worship for inadvertent antisemitism.  2. News People sit in an outdoor nativity scene illuminated	Ms. Tropiano, did you read your letter over? It is dripping with anti-Christian remarks! "Do any of you people know?" "What's with the Nativity Scene?" "We were here long before Catholicism."  Yes, we know Jesus was a Jew. We also know that Catholicism stemmed from Judaism.	1.They were entrusted with the oracles of God 2.They believed in and worshipped only one god.	agree	agree	disagree	agree	agree	2	1	2	2	2
Most democracies are far too tolerant of extremism, especially the likes of neo-fascism, neo-nazism, radical Islamism and violent intolerance. The world has been to soft on these ideologies and they need to be eliminated whenever they appear.	1.terarisam is dangerous of world  2.picefull world clean for terarisam	1. Extremism is essentially a political term which determines the activities that are not in accordance with norms of the state, are fully intolerant  2.  Examining the association between social control, social learning, and engagement in violent extremism. 	1. I think some of the biggest threats to global stability comes from the political fringes.  2. It's either the extreme left, or the extreme right.  3. Radicalism almost always leads to violence, and is a plague on democratic society and governments.  4. Since communism has been relegated to just a handful of countries, the far-left has for the most part been dealt with. 5. However the far-right continues to be a menace.	Since 2012, the General Assembly has adopted annual resolutions mandating the Special Rapporteur on contemporary forms of racism, racial discrimination, xenophobia and related intolerance to prepare two reports per year, one to the Human Rights Council and one to the General Assembly, on the implementation of General Assembly resolutions on combating glorification of Nazism, neo-Nazism and other practices that contribute to fuelling contemporary forms of racism, racial discrimination, xenophobia and related intolerance.In resolution 77/204 of 15 December 2022 on combating glorification of Nazism, neo-Nazism and other practices that contribute to fuelling contemporary forms of racism, racial discrimination, xenophobia and related intolerance, the General Assembly mandated the Special Rapporteur to prepare reports on the implementation of this resolution (para. 69). The resolution requests the Special Rapporteur to seek and take into account the views of Governments and non-governmental organizations (para. 67). The resolution further encourages Member States and non-governmental organizations to cooperate with the Special Rapporteur (para. 71).  In her report to the 78th session of the General Assembly, the Special Rapporteur intends to highlight new trends and manifestations of extremist political parties, movements, ideologies and groups of a racist or xenophobic character, including neo-Nazis and skinhead groups. Based on information received from Governments and civil society organizations, she will evaluate measures adopted by Member States, in law and policy, with a view to countering extremist political parties, movements, ideologies and groups of a racist or xenophobic character, including neo-Nazis and skinhead groups and similar extremist ideological movements.	1.It helps the world to be peaceful. 2.Many of the bad memories will does not happen again.	agree	agree	agree	disagree	agree	2	2	5	2	2
America is not a democracy	1.The US has American-style democracy, China has Chinese-style democracy, and other countries have their own unique models of democracy that suit their respective national conditions 2.Recent waves of voter suppression laws across the United States put minorities and other vulnerable populations at further risk, and the online ecosystem, 	1. The United States has never been a democracy, defined by freedom and equality for all 2. The United States was founded as a republic, not a democracy. As Alexander Hamilton and James Madison made clear in the Federalist Papers	1. The US has American-style democracy, China has Chinese-style democracy, and other countries have their own unique models of democracy that suit their respective national conditions. 2. The United States is a representative democracy. 3. This means that our government is elected by citizens. 4.  Here, citizens vote for their government officials.  5.These officials represent the citizens' ideas and concerns in government.	By definition, a republic is a representative form of government that is ruled according to a charter, or constitution, and a democracy is a government that is ruled according to the will of the majority. Although these forms of government are often confused, they are quite different.The legend of what the different colours represent is found just below the map. Countries in green claim to be a type of democracy while countries in red do not. Only Saudi Arabia, Oman, the UAE, Qatar, Brunei, Afghanistan, and the Vatican do not claim to be democratic.	1.United States is more accurately defined as a constitutional federal republic. 2.United States is based on a Constitution which is the supreme law of the United States.	agree	agree	agree	disagree	agree	2	2	5	1	2
I think the board game "Monopoly" is poorly designed	1.Most aficionados agree that Monopoly, if not a bad game, is at the very least designed to embitter its players. 2.there's a point in the game when someone has indisputably won, and there's a point when the game ends, and that second point can happen hours after the first one.	1. Monopoly is derived from an original board game called "The Landlord's Game," and rather than being good family fun  2. it was actually created to be an insight into the trials and tribulations of money, and the negative implications of capital accumulation.	1. Most aficionados agree that Monopoly, if not a bad game, is at the very least designed to embitter its players.  2. The rules are straightforward.  3. Players take turns moving their respective token around a square board.  4. Each tile represents a major street or district in a real-world city.	So long as all players on the board have the same odds, the same opportunities to test their luck, it's a fair game. If someone loads the dice, or palms a get out of jail free card or something, then it definitely becomes less fair, but that's overt cheating.	1.The Board games can be addictive. 2.Like a lot of other activities, board gaming can be harmful in large doses.	agree	agree	agree	agree	disagree	2	2	4	1	2
If a child struggles to achieve in grade school it is virtually always the parents' fault.	1.Virtual schooling puts stress on parents because they have to supervise what their kids do at home. 2see a psychologist or psychiatrist. 3.talk to a counselor at school. 3.tested for learning problems.	1. a learning or focus issue. 2. trouble getting organized. 3. not feeling well 4. feelings of sadness or anxiety. 5. stress from being bullied.	1. Children who are anti-social, defiant, angry, bossy, impulsive and even shy have a greater risk of becoming unpopular — a term no one wants to be. 	Children who are anti-social, defiant, angry, bossy, impulsive and even shy have a greater risk of becoming unpopular — a term no one wants to be identified with.	1.The child's parents also need to check their kids study activities while they are at home. 2.Some times parents allow their child to play for lot of time it leads to get poor result.	agree	agree	disagree	agree	disagree	4	5	1	1	2